{
  "step": 10542,
  "epoch": 21,
  "loss": 6.098419328420089,
  "validationLoss": 6.098419328420089,
  "perplexity": 445.15357207617393,
  "learningRate": 0.0007992397579139005,
  "tokensProcessed": 354216,
  "powerMode": "max",
  "finewebCursor": 4400,
  "savedAt": "2026-07-21T12:35:22.413Z"
}