{
  "step": 32677,
  "epoch": 65,
  "loss": 5.881810747429658,
  "validationLoss": 5.881810747429658,
  "perplexity": 358.4577308213926,
  "learningRate": 0.0007925252586348568,
  "tokensProcessed": 1416696,
  "powerMode": "max",
  "finewebCursor": 2100,
  "savedAt": "2026-07-22T00:18:32.205Z"
}