{
  "step": 20033,
  "epoch": 40,
  "loss": 5.755287267601214,
  "validationLoss": 5.755287267601214,
  "perplexity": 315.856269765745,
  "learningRate": 0.0007972064895253599,
  "tokensProcessed": 809784,
  "powerMode": "max",
  "finewebCursor": 4300,
  "savedAt": "2026-07-21T23:30:49.531Z"
}