{
  "step": 22147,
  "epoch": 44,
  "loss": 5.527369780634012,
  "validationLoss": 5.527369780634012,
  "perplexity": 251.481588634142,
  "learningRate": 0.0007965801921749481,
  "tokensProcessed": 911256,
  "powerMode": "max",
  "finewebCursor": 1500,
  "savedAt": "2026-07-21T22:54:04.089Z"
}