{
  "step": 21092,
  "epoch": 42,
  "loss": 5.578796649356525,
  "validationLoss": 5.578796649356525,
  "perplexity": 264.7528235407149,
  "learningRate": 0.0007969006255263884,
  "tokensProcessed": 860616,
  "powerMode": "max",
  "finewebCursor": 400,
  "savedAt": "2026-07-21T22:51:10.240Z"
}